{"loss": [0.6313391618518644, 0.4963718527881979, 0.4498392842573971, 0.43445446767177026, 0.42817482105771404, 0.4264488212212072, 0.4259366764097798, 0.42568322305520545, 0.4255023044879147, 0.4253987579033275, 0.42529370471691086, 0.42519023934445244, 0.42502555756896704, 0.4248752298531804, 0.424862292668233, 0.4247163182042467, 0.4246345860233368, 0.42452185792262265, 0.4245186886969238, 0.42435775804468434, 0.42427464202446535, 0.4242062512325037, 0.42414480809494454, 0.42409997157328366, 0.4240302149962662, 0.4239137806198395, 0.4238452013465951, 0.4237259358135637, 0.4236859882812623, 0.423651251865893, 0.4235791531016312, 0.4236319995656305, 0.42344821386127285, 0.4235117212338043, 0.4234851863471317, 0.42352603559975466, 0.42349655375636863, 0.4234352636478129, 0.42341174615825156, 0.4234057685038201, 0.42339700799751484, 0.4233803131910707, 0.4233485971818549, 0.42339227723896056, 0.42337711560354835, 0.4233259657111767, 0.4232960196109899, 0.42333555938605977, 0.4233370879795062, 0.4232892914566138, 0.4232956827103003, 0.42328262133833927, 0.4232501623517845, 0.4233250538913571, 0.42325246622175716, 0.4233226159269392, 0.4232836992156749, 0.42327074413652965, 0.4232140559258958, 0.42330553064925075, 0.4232396525035739, 0.42330477189044563, 0.4232347162978606, 0.42330045881255995, 0.4232579015763567, 0.4232182569329644, 0.423251791684123, 0.42325225645310127, 0.42325147291771453, 0.42323933242471085, 0.42327821533226684, 0.42324740357224844, 0.4232519948264838, 0.4232602375854611, 0.42332706188284874, 0.4232988751920542, 0.42331272895046773, 0.42327339431845157, 0.4232290358663758, 0.4232147915406847, 0.42324563511972396, 0.4233215888191883, 0.4232373527950426, 0.42326779044148233, 0.423237280978168, 0.4232469571136122, 0.423231182113754, 0.42321689268444074, 0.423247993312512, 0.42321254535469155, 0.42331517069219393, 0.42327726162593937, 0.4232616567009886, 0.42320633536378754, 0.42325760611401975, 0.42323148762757234, 0.4232126200685696, 0.4232206423671878, 0.4232105943109244, 0.42323807384478673], "acc": [0.8356605799574601, 0.8366004295815203, 0.8366004297095646, 0.8366004296455424, 0.8366004296455424, 0.8366004295815203, 0.8366004297095646, 0.8366004296455424, 0.8366004296455424, 0.8366004296455424, 0.8366004295815203, 0.8366004297095646, 0.8366004296455424, 0.8366004296455424, 0.8366004296455424, 0.8366004297095646, 0.8366004295815203, 0.8366004295815203, 0.8366004297095646, 0.8366004297095646, 0.8366004297095646, 0.8366004296455424, 0.8366004297095646, 0.8366004295815203, 0.8366004295815203, 0.8366004295815203, 0.8366004295815203, 0.8366004297095646, 0.8366004297095646, 0.8366004297095646, 0.8366004297095646, 0.8366004295815203, 0.8366004297095646, 0.8366004297095646, 0.8366004296455424, 0.8366004295815203, 0.8366004296455424, 0.8366004297095646, 0.8366004295815203, 0.8366004296455424, 0.8366004296455424, 0.8366004296455424, 0.8366004296455424, 0.8366004297095646, 0.8366004297095646, 0.8366004295815203, 0.8366004297095646, 0.8366004296455424, 0.8366004297095646, 0.8366004295815203, 0.8366004296455424, 0.8366004295815203, 0.8366004297095646, 0.8366004296455424, 0.8366004297095646, 0.8366004295815203, 0.8366004296455424, 0.8366004295815203, 0.8366004296455424, 0.8366004296455424, 0.8366004295815203, 0.8366004295815203, 0.8366004296455424, 0.8366004297095646, 0.8366004297095646, 0.8366004296455424, 0.8366004295815203, 0.8366004295815203, 0.8366004296455424, 0.8366004295815203, 0.8366004296455424, 0.8366004296455424, 0.8366004295815203, 0.8366004297095646, 0.8366004296455424, 0.8366004297095646, 0.8366004297095646, 0.8366004297095646, 0.8366004297095646, 0.8366004296455424, 0.8366004295815203, 0.8366004296455424, 0.8366004296455424, 0.8366004296455424, 0.8366004295815203, 0.8366004296455424, 0.8366004295815203, 0.8366004297095646, 0.8366004295815203, 0.8366004296455424, 0.8366004296455424, 0.8366004296455424, 0.8366004295815203, 0.8366004297095646, 0.8366004296455424, 0.8366004296455424, 0.8366004296455424, 0.8366004295815203, 0.8366004295815203, 0.8366004297095646]}